-0.0002989,-7.7585e-06
-0.00029619,-7.6336e-06
-0.00013993,-3.4864e-06
6.7778e-05,-4.0443e-06
0.00018691,-1.994e-05
0.00030835,-4.9679e-06
0.00031591,-6.7582e-06
0.00035512,-5.9182e-06
0.00058125,1.6197e-05
0.001071,1.0898e-05
0.002541,8.1424e-06
0.0040685,1.0018e-05
0.0081387,-1.6712e-06
0.011185,-5.239e-06
0.018454,-7.9439e-06
0.021397,-2.4613e-06
0.034826,8.4821e-06
0.11918,2.406e-06
0.30853,-1.3324e-07
0.14423,3.0803e-06
-0.46631,7.4559e-07
-0.4382,-9.8351e-06
-0.30265,-4.0548e-05
0.16332,-3.9557e-05
0.91493,-5.22e-05
0.31124,-5.54e-05
-0.16671,-3.7801e-05
0.32934,-7.5475e-06
0.33311,2.0105e-05
-0.28611,4.4955e-05
-0.74362,0.00011089
-0.35157,0.00023868
0.11418,0.0004538
-0.039386,0.0007541
-0.099014,0.0013799
0.0033583,0.0020957
0.09192,0.0033919
0.2135,0.0044163
0.1302,0.0082265
-0.076512,0.021538
-0.11058,0.038324
-0.10246,0.0072579
-0.052129,-0.027196
0.051499,0.020885
0.066822,0.013115
0.024676,-0.047853
0.027084,-0.011285
0.014001,0.040095
-0.031072,0.060713
-0.047616,0.054052
-0.0037419,0.042237
-0.027615,0.063793
-0.12651,0.035019
-0.07832,-0.012748
0.018606,-0.032925
0.057887,-0.045008
0.11723,-0.033928
0.08756,-0.012696
0.02258,-0.027152
0.010069,-0.027676
-0.013316,-0.0029337
-0.040666,0.010961
-0.11993,0.03244
-0.17495,0.057841
-0.079166,0.043756
0.060987,0.00078687
0.090178,-0.013862
0.028189,-0.013541
-0.0045088,-0.020788
0.010499,-0.0376
0.036115,-0.043312
0.029151,-0.027631
-0.012198,-0.0040421
-0.029016,0.0055861
-0.02695,-0.006222
-0.019417,-0.011227
0.002489,0.0034866
0.0082922,0.010089
0.0021053,-0.0027193
0.0040753,-0.010881
-0.0028429,-0.0085999
-0.019402,-0.0041937
-0.026045,0.00019896
-0.020489,0.0010739
0.0011711,-0.0062781
0.011133,-0.009111
-0.0041706,-0.0015997
-0.0045443,0.00050907
-0.00092408,-0.0040352
-0.0086987,-0.0063301
-0.0045864,-0.0064443
0.0042599,-0.0036568
0.0053015,-0.0013207
-0.0039351,-0.0030472
-0.019723,-0.0095414
-0.017142,-0.010084
0.0011718,-0.002595
0.012617,-0.0026093
0.011212,-0.0078808
4.5368e-05,-0.0043767
-0.010024,0.0023295
-0.0053215,0.0011677
0.0094083,0.00072061
0.014999,0.0019467
0.010127,-0.0021306
0.0029611,-0.0080795
-0.0072559,-0.010989
-0.010371,-0.0095186
-0.0037303,-0.0056591
0.0032523,-0.0028474
0.0072507,-0.0036144
0.0048145,-0.0034061
-0.0039603,0.00059323
-0.0072311,0.00073318
-0.00084463,-0.0055443
0.0071022,-0.0067252
0.0099338,-0.0012415
0.0048104,-0.00040041
-0.0066197,-0.0036112
-0.014081,-0.0033033
-0.015939,-0.0019481
-0.012762,-0.001545
-0.0015375,-0.00046563
0.0052177,1.2173e-05
9.1752e-05,-0.00044304
-0.0065361,-0.001256
-0.0041664,-0.0022618
0.0060239,-0.0032514
0.010566,-0.0028714
0.0044384,-0.0020042
-0.0044874,-0.002094
-0.011225,-0.0026879
-0.0090471,-0.0015094
-0.0017698,-0.00033746
0.0012045,-0.0013805
5.6776e-05,-0.00067892
-0.0027593,0.0014987
-0.0075813,0.0018334
-0.0083432,-0.00059472
-0.0012016,-0.0029358
0.0057057,-0.0032353
0.0061145,-0.0022618
0.0048989,-0.0025647
0.003569,-0.0047164
0.0030189,-0.0045323
0.0042227,-0.0026299
0.0028854,-0.0026747
0.0001124,-0.0034548
-0.00079323,-0.0027952
-0.0026228,-0.001542
-0.005628,-0.0015251
-0.0062724,-0.0027032
-0.0022122,-0.0030403
0.0031019,-0.002516
0.0052652,-0.0018207
0.004768,-0.00083153
0.0029474,-0.00038928
0.0011987,-0.0012806
0.0018802,-0.0019298
0.0031153,-0.0016505
0.0018346,-0.001749
-0.00066704,-0.0019184
-0.0019662,-0.0019024
-0.00095207,-0.0015576
0.0012062,-0.0010838
0.0025899,-0.0010346
0.0030105,-0.0006622
0.0013553,-3.8233e-05
-0.00088827,0.00031751
-0.0011251,0.00044711
-0.00018166,0.00044901
0.0010297,0.00066937
0.0022776,0.00063667
0.0027405,-0.0001655
0.0025776,-0.00048244
0.0018156,0.00029147
0.00089917,0.00030719
0.00075243,-0.00089586
0.00079387,-0.001147
0.00083846,-0.00055836
0.00011642,-0.0004264
-0.0011313,2.7978e-05
-0.00090325,0.00063531
5.7175e-05,0.00052773
0.0012648,9.2094e-05
0.0026092,-4.797e-05
0.0026338,0.00029049
0.00197,0.00067763
0.001312,0.00054203
0.0015097,4.0549e-05
0.0024718,-4.118e-05
0.0011828,0.00015769
-0.0013081,0.00034105
-0.0021151,0.00029358
-0.0019053,0.00027213
-0.0013218,0.00066032
-0.00069949,0.00043568
-0.001041,-3.8031e-05
-0.00066633,4.984e-05
0.00093609,-9.6799e-05
0.0020145,-0.00031584
0.0016326,-9.2682e-05
-7.5808e-05,-0.00010885
-0.00049844,-0.0003725
-0.00074551,-0.00040331
-0.0022351,-5.7411e-05
-0.0022638,0.00071846
-0.0012602,0.00099555
0.00010142,0.00052046
0.0016637,-0.00011776
0.0018503,-0.00027206
0.00099807,0.00015085
-0.00014031,0.00037995
2.9623e-05,0.00042577
0.0012173,0.00061794
0.0013011,0.00057856
0.00036519,0.00056382
-0.00050862,0.00071377
6.6706e-05,0.00067734
0.00096229,0.00065414
0.0016256,0.00038769
0.001127,-0.00060371
0.00012688,-0.0011633
0.00075761,-0.00082359
0.00096077,-0.00052648
-1.0488e-05,7.8546e-05
-0.00027156,0.00063094
-0.0002636,0.0007604
0.00016301,0.0010631
-0.00070626,0.00092566
-0.0018586,0.00089051
-0.00025023,0.00097969
0.0024549,0.00050093
0.0030546,-0.00020409
0.0012266,-0.00049007
0.00014039,-0.00026249
0.0014067,-0.00024542
0.0019194,-0.00012543
0.00088703,4.6898e-05
-0.00074294,0.00044215
-0.001914,0.00057539
-0.00058747,5.8438e-05
0.0020043,-0.00019572
0.0027829,0.00027415
0.0017807,0.00083012
0.00048034,0.00062017
6.9431e-06,-0.00029199
0.0016516,-0.0010945
0.0011861,-0.00081868
-0.00023999,0.00014084
-4.5229e-05,0.0012496
0.00017769,0.0020311
0.0017898,0.0024378
0.0023203,0.0024116
0.0015941,0.0020748
0.00070337,0.0022745
0.00066309,0.0025803
0.0020584,0.0017932
0.0021315,-0.00015977
0.0014037,-0.00060444
0.0011152,0.00065867
0.0014054,0.0011831
0.0013534,0.000258
0.0017045,-0.00056206
0.0025308,0.00033441
0.0030084,0.0018318
0.0020414,0.0018251
0.00013835,0.0014772
0.00011578,0.001775
0.0015318,0.0020912
0.0011084,0.0021184
-0.0013053,0.0018507
-0.0014419,0.001688
0.00034403,0.00099401
0.0015665,0.00021527
0.0022841,0.00015567
0.0023841,0.00058629
0.0029593,0.00048565
0.0028496,0.00082755
0.0021169,0.0015863
0.0016765,0.0020422
0.0011689,0.0019677
0.00078594,0.0021793
0.00041434,0.0016657
-0.00012861,0.00085511
-5.5775e-05,0.0013716
0.0013239,0.0020515
0.0018328,0.0022902
0.0020113,0.00067098
0.002807,0.00016557
0.0025041,0.00097075
0.0016692,0.001837
0.00068731,0.0019074
0.0001996,0.00098474
0.00089444,0.00061421
0.001307,0.00077853
0.002407,0.00083826
0.0023262,-0.0004257
0.00089683,-0.00037773
0.00079739,0.001109
0.0018835,0.0010153
0.0023756,-0.00015103
0.0014562,7.9905e-05
0.00055755,0.0011428
0.00086966,0.0020111
0.0020993,0.0011225
0.0024812,0.00059584
0.0011581,0.0015396
4.998e-05,0.001398
0.00074489,0.00040283
0.0015292,0.00036721
0.00038452,0.0022123
-0.00068142,0.0025319
0.00047832,0.0014169
0.0023251,0.00079375
0.0031126,0.0018063
0.0023566,0.0016288
0.0010227,2.1989e-06
0.00037811,0.00020378
-0.00015176,0.0020697
-0.00070312,0.0028805
-0.00077865,0.0014298
0.00049057,0.0011611
0.00251,0.0021452
0.0028971,0.002745
0.0017015,0.0024289
3.4435e-05,0.00044295
-0.00024149,0.00097464
-0.00028776,0.00012458
-0.00046234,-0.0011437
0.00025617,0.00093281
0.00047011,0.0025381
0.00097198,0.0019727
0.0001634,0.00074119
-0.00085674,0.0014305
6.1519e-05,0.0025526
0.00075445,0.0023272
0.0017003,0.00067345
0.001788,0.00058774
0.00083349,0.0021275
0.00099252,0.0027051
0.00090479,0.0015794
0.0008554,-0.00074973
0.0006611,0.00015411
0.00015015,0.002448
-4.3654e-05,0.0016457
0.00047002,-0.0006541
0.0012708,-0.0010457
0.0012303,0.0012214
0.0006584,0.0020014
0.00035315,0.00030373
0.00091659,0.0001924
0.0011157,0.000694
0.00030732,0.00098892
0.0010553,0.00016153
0.0027359,0.0001744
0.0034922,0.001045
0.0024438,0.00037121
0.00047068,0.00026535
-2.0681e-05,0.0002524
0.0004206,0.00055278
1.3069e-05,0.0011448
-0.00030373,0.00052067
0.00073042,0.0012791
0.0015615,0.0013651
0.0018708,0.0010283
0.0014852,0.00075731
0.0012872,0.00061987
0.0019048,0.0014308
0.0012756,0.0013427
0.0004913,0.0008729
0.0008312,0.0012889
0.0009452,0.0021835
0.00099066,0.0025656
0.00056921,0.0017337
0.00055172,0.00011655
0.001117,2.0646e-05
0.0012087,0.00054843
0.0014316,0.0013181
0.0011802,0.0012947
0.00038583,-0.00011287
0.00039606,-0.00013842
0.00090821,0.0013949
0.0012823,0.0024947
0.00047414,0.0017998
0.0005907,0.00011564
0.0013685,-0.00040555
0.00075058,0.0018989
0.0007728,0.0027926
0.00040727,-2.3667e-05
0.0005104,-0.0012941
0.00098713,0.0010761
0.00044981,0.0034413
0.00014922,0.0018611
-0.00043682,-0.00093832
-0.00017134,-0.0010242
0.00045569,0.00069226
0.00024128,0.0017736
0.00035394,0.0016551
3.3507e-06,0.00050594
0.00061162,0.0011303
0.0015524,0.0019962
0.0011332,0.0011175
0.00093776,0.0009874
0.00052254,0.0013354
0.00057571,0.001114
0.0011339,-0.0011208
0.00097582,-0.0011939
0.0003517,0.0010259
0.00070632,0.0016845
0.0012965,0.0013099
0.00071096,0.0012777
0.00031809,0.001597
9.3476e-05,0.00073619
-0.00020992,0.00046814
-0.00015023,0.00070499
0.00039085,0.0008596
0.00062516,0.001145
-0.00026908,0.00073489
-0.0012065,0.00029501
-0.0007455,0.00046483
0.00050663,0.0010452
0.001898,0.00088938
0.0022356,0.0014001
0.00052379,0.0015405
-0.00070902,0.00094969
-0.00042179,-0.00013683
0.00021017,7.0887e-05
-0.00091157,0.0018804
-0.0029831,0.0011031
-0.001985,-0.00029454
0.0011217,-0.00019373
0.0018436,0.0003954
0.00070279,0.00017572
0.00068493,0.00081747
0.00069698,0.0011269
0.00078323,0.0012281
-0.00042979,0.0010766
-0.0020339,0.00036197
-0.0011936,6.9996e-05
0.00013557,-5.2997e-07
0.0005716,0.0013942
0.00066865,0.0010277
0.0013407,-0.0010412
0.0011134,-0.0014689
-0.00064001,0.00070048
-0.0012743,0.00082222
0.00011554,-0.0005592
0.0011774,7.0492e-06
0.00021226,0.00073794
-0.0006532,0.0010816
-0.00015088,-2.6323e-05
0.00094037,-0.0010778
0.00078003,-0.0003426
-0.00053362,0.00064631
-0.00030073,0.00066664
0.0011513,-0.0011883
0.0018134,-0.0022387
0.0013805,0.0012133
0.0024509,0.0020274
0.0051893,-0.0005251
-0.00063631,-0.0011182
-0.0086358,-0.00086889
-0.0061138,-0.00018027
0.0034388,0.00072856
0.0050172,0.0015871
0.0015549,0.0028055
0.0065747,0.0025862
0.011374,-0.0013938
0.0063274,-0.0048978
-0.0052247,-0.0038703
-0.0072355,0.0018443
-0.002846,0.0029472
-0.0014221,0.0027786
-0.0067775,0.0056998
-0.010658,0.0083194
-0.0072538,0.003318
0.0022275,-0.0052663
0.0084821,-0.0062202
0.008748,-0.002562
0.0071328,-0.0018205
0.0041972,-0.0042767
-0.0028615,-0.0020869
-0.009755,0.0025937
-0.011224,0.0034174
-0.0071015,0.00010644
-0.0021523,-0.00089227
-0.0011172,0.0016454
-0.0022229,2.4406e-05
-0.00071467,-0.0052452
0.0016108,-0.0055437
0.0019926,-0.0016548
0.0013207,0.0015265
0.0016004,0.00026743
0.0021065,-0.0012525
-0.00021853,-0.00032224
-0.0021081,0.00044281
-0.0014704,-0.00060019
0.00042697,-0.0023789
0.0021779,0.00081659
0.0018284,0.0048821
-0.00019714,0.0037728
-0.0016526,-0.0011759
-0.00093031,-0.00212
0.00036439,0.0010215
-0.00024976,0.00084797
-0.0015994,-0.0020114
-0.001563,-0.0018468
-0.00063937,-0.0006724
-6.0044e-06,-0.00042693
0.0001035,0.00050774
0.00064457,-0.00089316
0.0023325,-0.0006098
0.0023727,-0.00055132
-0.00030977,-0.0013529
-0.0034237,0.00048288
-0.0028548,0.00094446
-0.0011745,-0.00094764
-0.00079173,-0.00093785
0.00087414,0.0013914
0.00049948,0.0022178
-0.00065114,-0.00019053
-0.0030515,-0.0027866
-0.0056455,-0.0018808
-0.0017422,-0.00054701
0.0032314,-0.0011835
0.0047758,-0.00065853
0.0012477,0.00090256
-0.00308,0.0021696
-0.00051195,0.0009882
0.00094145,-0.0016348
-0.0025336,-0.0011678
-0.0035139,-0.00021356
-0.001436,0.00033692
0.00097556,-0.00036184
0.001841,0.00042004
-0.00071606,0.00027901
-0.0013707,-0.00081385
0.0018858,-0.0020309
0.0043952,-0.0029758
0.0016818,-0.0013156
-0.0046163,0.00030987
-0.0083613,0.0014719
-0.0040152,-0.00081806
0.002404,-0.0020669
0.0031256,-0.00056493
0.0038613,-0.0012737
9.0133e-05,-0.002814
-0.0028502,-0.0019496
0.00078527,-0.0022569
-0.00021248,-0.0017677
-0.00528,0.0002773
-0.0086396,-0.00049274
-0.0053819,-0.001508
0.003974,-0.0017713
0.007057,-0.00011624
0.0035775,0.001852
-0.0032528,-0.00027933
-0.0057904,-0.0022871
0.00090907,-0.00044189
0.0035192,0.001883
-0.0032834,0.00029461
-0.0052766,-0.0035155
0.00047814,-0.0037606
0.006261,-7.7975e-05
0.0025706,0.0028298
-0.0031433,0.0022081
-0.0028055,0.0015225
-0.0022724,0.0004152
4.119e-07,0.00024011
0.001019,0.00067697
-0.0020023,-0.0013748
-0.0042684,-0.0018557
-0.0012634,-0.00068266
0.0027821,-0.0012852
0.00096223,-0.0020285
-0.0021845,-0.0011113
-0.00019859,0.00020599
0.0025305,0.0012817
0.00098082,0.00095086
-0.00083159,-0.001853
-0.0017653,-0.00071577
-0.0028185,-0.00037133
-0.00099217,-0.0019905
0.00027463,-0.00033819
-0.0017608,0.0004541
-0.003357,-0.0014385
-0.0022252,-0.0030552
-0.00034071,-0.0031726
0.00063307,-0.0018883
0.0019913,-0.00059182
0.0013813,-0.00024603
-0.0012456,0.00072868
-0.0018234,0.0015683
-0.0019208,-0.0017257
-0.002093,-0.0039968
7.2774e-06,-0.0031054
0.00032029,0.001087
-0.001571,0.0059627
-0.001995,0.0016453
-0.00069625,-0.0018939
0.00024262,-0.0029609
-0.00094482,-0.0003876
-0.00017025,0.00098179
0.0014682,-0.0018765
-0.00053725,-0.0010226
-0.0030131,0.0015747
-0.0026938,0.001189
-0.0011683,0.0012062
-5.217e-05,-0.00055013
0.00044983,-0.0043439
-0.00026515,-0.0010004
-0.0014795,0.0016842
-0.0010762,-9.5446e-05
-0.00040179,-0.0024334
-0.0016518,-0.0047003
-0.0017477,-0.0028877
1.41e-05,-3.2725e-05
0.00029156,-0.0014039
-0.00071191,-0.0031553
-0.0012825,-0.0011951
0.0001379,0.00044244
0.0017538,-0.0011847
0.00054848,-0.0023044
-0.0019176,-0.0019086
-0.0027339,0.00073275
-0.0019464,0.0023629
-0.00068388,-0.00034156
4.102e-07,-0.0010137
0.00026481,-0.001919
0.0011053,-0.002811
0.0012966,-0.00066118
0.0003816,0.0007836
-0.0007226,0.00025067
-0.00091286,-0.00048281
-0.00072467,0.0011708
-0.0013851,0.0026818
-0.0020427,-6.4214e-05
-0.0012889,-0.0019959
-0.00012511,0.00053794
-4.3329e-05,0.00019686
-0.00071552,-0.0010764
-0.00074739,-0.00072276
0.00028594,-0.00023093
0.0010328,0.0016747
0.00065807,-0.0014966
-0.00050987,-0.0067031
-0.001038,-0.0099133
7.4104e-05,-0.0020911
0.00034837,0.015492
-0.0011035,0.011304
-0.0014357,-0.0080864
-0.0001362,-0.0059693
0.00062677,0.0090732
4.0578e-05,0.0048413
-0.00035543,-0.01284
1.4822e-05,-0.016173
4.2809e-05,0.00084182
-0.00037996,0.0092735
-0.00034962,-0.0027846
-0.00057915,-0.0091633
-0.00046554,-0.0015854
-0.0004838,0.001909
-0.00056917,-0.00077366
-0.00046399,0.00063541
-0.00010927,0.0024758
0.0010594,0.0010364
0.0011943,-0.00071453
0.00011648,0.0037275
-0.0011742,0.0066321
-0.0021376,9.2034e-05
-0.0026119,-0.0060147
-0.0012254,-0.0043368
0.00075257,-0.00060279
0.00094408,-0.001099
2.1579e-05,-0.0037385
0.00052198,-0.0018242
0.0020424,0.0027849
0.0028557,0.0011546
0.0010194,-0.0020861
-0.0028649,-0.0012976
-0.0043416,0.0020322
-0.0030312,0.0044847
-0.0015841,0.002533
-0.0012953,0.0010499
-0.00101,0.0025501
0.00040315,0.00055816
0.001118,-0.0054258
0.0011226,-0.0058785
0.0013006,-0.0010979
0.001021,0.0046354
0.00037725,0.0034377
-0.0011218,-0.0024055
-0.002725,-0.0039023
-0.0025622,-0.0019151
-0.00065561,0.0040157
0.00070319,0.0067066
0.00066264,0.0024539
7.5257e-05,-0.0011565
-0.0021408,-0.0015068
-0.0035319,-0.0042748
-0.00045889,-0.0048401
0.0045919,-0.00069921
0.0056394,0.0024546
0.001405,0.0057543
-0.0025233,0.00029723
-0.0033773,-0.0055573
-0.0015569,-0.0029101
0.0010399,-0.0021411
0.0013047,-0.0021084
-0.0017359,-0.0037929
-0.0024906,-0.0018596
-0.00069654,0.0061407
0.0010547,0.0052059
0.00084476,-0.00087535
0.00083308,0.00098156
0.0012957,0.003942
-0.00064182,-0.00040809
-0.0035665,-0.0047095
-0.0033412,-0.0074855
0.0018794,-0.0094102
0.0061419,-0.0087382
0.0040563,-0.0021514
-0.0014816,0.0070953
-0.0042993,0.011451
-0.0030621,0.0068675
-0.0015133,0.00010942
-0.0014081,0.0010685
-0.00050692,0.0022231
0.00041692,-0.0023946
7.8854e-05,-0.006361
0.00027272,-0.0044977
0.00043296,-0.00057344
0.0017856,0.0011302
0.0047826,0.00090681
0.0047997,0.0023341
0.00084475,0.0033607
-0.0033252,0.0015364
-0.0035482,0.00021031
-4.7407e-05,-0.00085012
0.002431,-0.0020328
0.0010464,-0.003852
-0.0015241,-0.0035182
-0.0017439,-0.00069726
-0.00043973,0.0020462
-0.00012176,0.0041248
-0.0011366,0.0027523
-0.0011102,0.0011446
0.0017206,-0.0020267
0.0036084,-0.0046386
0.0018094,-0.0015174
-0.00039977,-0.0029675
-0.0012122,-0.004796
-0.00021206,-0.0009969
0.00098755,0.0033861
2.9464e-05,0.006493
-0.0019287,0.0043433
-0.0019973,-0.00062973
-0.00033807,-0.0017237
0.00048156,-0.0011589
-0.00064567,-0.0029844
-0.0015785,-0.0013722
-5.1982e-05,-0.0015528
0.0021248,-0.003342
0.0029167,-0.0019898
0.0010442,-0.0013486
-0.0013822,0.0019141
-0.0011702,0.0025476
-0.00032118,0.00075857
-0.00071172,0.0012668
-0.00081008,0.0026914
-0.00035303,0.002776
-0.00046493,0.00042797
-0.00074378,-0.00058768
-0.00063476,-0.00092736
-0.00015059,-0.0013579
0.0012694,-0.0005023
0.0012467,0.00023515
-8.0063e-05,0.00050439
-0.00030367,-0.0010347
-0.00023685,-0.0022007
0.00015716,0.0018454
0.00095059,0.0026667
0.00099727,-0.0024632
-0.00066977,-0.0040451
-0.0020528,0.0019465
-0.00078237,0.0078645
0.0013259,0.0034302
0.0016225,-0.0029555
-0.00017015,-0.001207
-0.0010609,0.0032313
0.00022015,0.0018663
0.00081648,-0.0047424
-0.00018969,-0.0056157
-0.00073622,0.00091912
0.00084969,0.0036274
0.0025089,0.00058753
0.0015264,-0.0019435
-0.0005683,-0.00035314
-0.0012374,0.0020287
-0.00019368,0.0013249
0.00069921,-3.9727e-05
0.00058577,-0.00025826
-6.714e-05,0.00013422
-0.00017702,0.0008632
0.0007178,0.0014844
0.00027247,0.0002506
-0.0010838,-0.00094984
-0.0009461,0.0003087
-0.00028813,0.0028731
-0.00085967,0.0018956
-0.0014069,-0.0017291
-0.00017635,-0.0022912
0.0012032,-0.00075033
0.0016582,-0.00019613
0.00084372,-0.00053021
-0.00080004,0.00052103
-0.00058494,0.00138
0.00045603,0.0009593
0.00021368,0.00039121
-0.00030958,-0.0004503
0.00011707,-0.00082711
0.00033935,0.00026674
-0.0004695,0.0014749
-0.00036366,0.0019061
0.00014347,0.00054904
0.00041151,-0.00080448
0.00082765,0.00025029
0.00043226,0.001834
-0.00079215,0.00055365
-0.0017253,-0.0025406
-0.00095167,-0.0023001
0.00056786,4.3986e-05
0.0011637,0.00066067
0.00097264,-3.6174e-05
0.00068692,-0.00021661
0.00044274,0.0010569
0.00032452,0.0023652
0.00042796,0.001229
0.00061986,-0.00071079
0.00040389,-0.00044035
-0.00050458,-0.00016963
-0.00057224,-0.00053255
0.00038038,-0.00038
0.00067375,-0.00032855
0.00064764,-0.00039007
0.00057118,-0.00071161
-5.5397e-05,-0.00028131
-0.0011268,0.00095529
-0.0014296,0.0020017
-0.00070656,0.0020525
0.00054631,0.00073913
0.0013249,-0.0013293
0.0013037,-0.002816
0.00095179,-0.0018915
0.00048763,0.00015465
0.00036029,0.0011586
0.00011451,0.00019512
-0.00019227,-0.00087236
-0.00037047,0.00074403
-0.00060013,0.0018868
-0.00059386,0.0012033
-0.00024397,-0.00028278
4.0502e-05,-0.00097319
0.00028018,-0.0004039
0.00059192,-0.00083274
0.00068728,-0.0016445
0.00041134,-0.00072299
0.00060643,0.0015809
0.00090578,0.0020946
9.3824e-05,0.0011684
-0.0010308,0.00076625
-0.00071516,-0.00057818
0.00026386,-0.0025513
0.00022309,5.498e-05
-2.8128e-05,0.0029255
0.00019291,0.00074691
0.00046716,-0.0031211
0.00061166,-0.001632
0.00066221,0.003486
8.9085e-05,0.0023371
-0.00074033,-0.0016195
-0.00096436,-0.0018845
-0.00047761,0.0012053
0.00099658,0.0020437
0.0023003,-0.0027608
0.0016203,-0.0053083
0.00025816,-0.00042873
9.3838e-05,0.0052814
0.00039708,0.0045558
-0.00035634,0.0017495
-0.0015945,-0.00054272
-0.0016133,-0.001343
-0.00034764,-0.00031466
0.0010761,-0.0011604
0.0012463,-0.0017868
0.00045503,0.00032814
9.6635e-05,0.0017598
0.0006069,0.0015453
0.00084417,-0.000465
0.00034135,-0.0019275
-0.00026033,0.0002915
-0.00030025,0.0014472
2.8088e-05,0.00011528
-5.104e-05,0.0003083
-0.00025929,0.00077794
0.00016702,0.00028965
0.00068783,0.00040613
0.00074692,0.00015598
0.00083577,0.00020038
0.00076793,0.00015325
0.00021923,-0.0012785
-0.00011789,-0.0015711
0.00019274,-4.3119e-05
0.00081107,0.00060083
0.0006965,0.00019393
0.0001575,0.00028598
-9.6644e-05,0.00040331
-0.00027834,-0.00011304
7.8446e-05,-0.00053654
0.00036454,0.00089391
0.00028573,0.002802
0.00031496,0.0023336
0.00042314,0.00055474
0.00046896,-0.0012884
0.0008282,-0.0015808
0.0013155,-0.00089199
0.0011657,-0.0008361
0.00048808,0.00017726
-0.00031288,0.0010807
-0.00061598,0.0010879
-0.0003213,0.00033677
0.00016783,-5.1749e-05
0.00066455,0.00062278
0.00092501,0.00071349
0.00080028,0.00058868
0.00017495,0.00067323
-0.00046787,-0.00026419
-0.00030861,-0.00058374
0.00028947,0.0010655
0.00053629,0.0014958
0.00034304,-0.00020141
4.752e-05,-0.001195
-0.00011581,0.00087101
2.2454e-05,0.0035898
0.00051076,0.0012719
0.0009571,-0.0024235
0.0010402,-0.0022272
0.00063057,0.0010808
-1.4349e-05,0.00035089
-0.00036409,-0.001258
-0.00047613,0.0005534
-0.00053138,0.0021496
-0.00048769,0.0015841
-0.00035056,0.00024212
-1.23e-05,-2.9193e-05
0.00044539,0.00068331
0.00067604,0.00049969
0.00074595,-0.00052046
0.00070016,-0.00092026
0.00038387,-0.00040824
0.00013227,-0.00036014
0.00011851,-3.3689e-05
0.00024511,0.0013922
0.00027833,0.0005515
2.8665e-05,-0.00018101
-0.00033669,0.00019932
-0.00029388,5.7774e-06
0.00020547,-0.00033924
0.00054471,0.0001144
0.00030402,0.00069868
0.00012779,0.00071816
0.00025736,0.00030689
0.00031503,-0.00022706
0.00017161,7.3021e-05
-0.00011996,0.00051585
-0.00019347,0.00092124
0.00025378,0.000859
0.00060141,0.00065253
0.00038767,0.00087804
-0.00016707,0.00056979
-0.00053151,-0.00023851
-0.00054805,-2.6347e-05
-0.00013712,0.0008657
0.00037464,0.000215
0.00050372,-0.00052356
0.00057562,5.3338e-05
0.0005713,0.0005566
0.00022405,0.00059807
-0.00023749,0.00046177
-0.00020777,0.0005628
-8.9306e-05,0.000466
-0.00023629,5.98e-06
-0.00012838,-0.00051534
0.00023788,-0.00043778
0.00043144,0.00018611
0.00038453,0.0004558
0.00034137,6.8966e-05
0.00044282,-0.00018631
0.00057236,0.00016913
0.00036301,0.00020407
-0.00014205,-6.3733e-05
-0.00039095,9.2931e-05
-0.0001813,0.00049323
0.00028006,0.00070135
0.00042632,0.00061553
0.00010004,1.2588e-05
-0.00015255,-0.00039641
-0.00012034,-4.5981e-05
8.2884e-05,0.00026614
0.00018534,0.00026606
0.00011085,2.7817e-05
0.00021584,-0.00028313
0.0003399,-0.00021665
0.00032285,-8.3654e-05
0.00019621,0.00023793
-0.00017051,0.00053396
-0.00029423,0.00023559
2.17e-05,-1.3623e-05
0.00030762,-9.0907e-05
0.00035408,2.4586e-05
0.00021092,0.00016718
-4.4326e-05,-0.00011621
7.5133e-06,-3.0627e-05
0.000295,0.00050757
4.0393e-06,0.00075023
-0.00040471,0.00031497
-0.00045289,-0.00028727
-0.00026467,-5.0439e-05
0.00016512,0.00047087
0.00040225,0.00032034
0.00031567,-0.00048728
0.00019238,-0.00052131
0.00018101,3.5807e-05
-3.7088e-05,0.00017976
-0.0004013,0.00034383
-0.00042151,0.00044427
-0.00016219,0.00026845
-4.9701e-05,1.8336e-05
-8.6834e-05,2.9791e-06
-0.00011604,7.6152e-05
5.0708e-05,3.6427e-05
0.00017806,-4.8359e-05
4.7134e-05,-0.00011457
7.088e-05,-3.623e-05
0.00012546,0.00018507
0.00010416,-0.00016385
0.00021452,-0.00043597
7.8094e-06,6.1083e-05
-0.00036995,0.0003672
-0.00039403,0.00020996
-0.00032507,-0.00022976
-0.00018375,-0.00011071
9.8847e-06,0.00041368
-9.3441e-06,0.00039423
-1.1368e-05,0.000101
0.0002144,-0.00021484
0.00046449,-0.0002071
0.00022362,7.736e-05
-0.00042406,-0.00011564
-0.00062254,-0.00023306
-0.0002294,6.7548e-06
6.8265e-05,-7.874e-05
0.00016764,9.4814e-07
0.00028605,0.00022039
0.0003465,-0.00023458
0.00027129,-0.00030604
-7.1288e-05,0.000258
-0.00036338,0.00041291
-0.00027794,0.00032743
-0.00025255,-0.00028314
-0.00020665,-0.00059818
8.869e-06,0.0001216
0.00010784,7.5377e-05
8.964e-05,-0.00036887
-0.00020741,-9.7481e-06
-0.00052814,0.0006346
-0.00034472,0.00058563
-3.5508e-05,-0.00010081
-5.8816e-06,-0.00031285
-0.00029583,-5.5415e-05
-0.00029655,9.0222e-05
5.098e-05,-1.8783e-05
0.00041311,-0.00017873
0.00047135,-0.00013576
-0.00032749,2.266e-05
-0.0010146,-0.00011458
-0.00084748,-0.00019668
-0.00052182,9.6983e-05
-0.00023421,0.00027276
-0.00039663,-0.00037808
-0.0005932,-0.00075751
7.274e-05,-0.00015477
0.00057999,0.00011259
9.4959e-06,-9.4243e-05
-0.00063284,-6.1308e-05
-0.00029225,0.00029854
0.00031319,0.00048455
0.00017578,-0.00013561
-0.00030955,-0.00082191
-0.00029608,-0.00056353
-0.00026206,-0.00010594
-0.00022717,-0.00012014
4.2129e-05,-0.00022789
-5.3892e-05,-0.00016673
-0.0004066,6.3843e-05
-0.00043325,6.3247e-05
-0.00030287,-0.00017524
-0.00055422,-0.00029858
-0.00083074,-0.00021658
-0.000577,3.3125e-05
-8.1313e-06,0.00043868
0.00030436,0.00056358
0.00018156,0.00010575
-2.9292e-05,-0.0007302
0.00012239,-0.00099136
0.00016011,-0.00047432
-0.00039406,-7.3788e-05
-0.00060258,0.00062154
-0.0002622,0.00071875
-0.00015899,-4.6212e-05
-0.00083465,-0.00034654
-0.0012703,-0.00030102
-0.00065969,-0.0005529
-0.00041278,-0.0010436
-0.00090529,-0.0010401
-0.00080639,0.00010789
0.00030205,0.00077621
0.0012801,-0.0001043
0.00067012,-0.0005136
-0.00060323,-0.00022121
-0.00081105,-0.00027757
-0.00020319,-0.0004348
0.0002484,-0.00062309
0.00043347,-0.00044698
0.00053715,0.00014945
-3.4518e-06,0.00017317
-0.00067524,-0.00017494
-0.0010325,-0.00016793
-0.001171,9.8431e-05
-0.0011261,0.0001703
-0.001103,0.00016559
-0.00084212,-7.7817e-05
0.00060424,-0.00020234
0.0021269,-0.00021985
0.0010918,-0.0005381
-0.0010933,-0.00060114
-0.0013123,-0.00025369
-0.00043606,-8.0077e-05
-0.0010216,-0.00045611
-0.001922,-0.00069643
-0.0010144,-0.00045731
0.00094373,-7.8684e-05
0.0016027,-0.00028591
0.00023907,-0.00060411
-0.0011143,-0.00012138
-0.0010381,0.00030426
-9.2634e-05,2.591e-05
0.00024069,-0.0002529
-0.00053083,1.9584e-05
-0.00086265,0.00032219
-0.00045004,-0.00012907
-9.144e-05,-0.00069847
1.9719e-05,-0.00036092
-0.00025587,-7.5661e-05
-0.00078366,-0.00054728
-0.00051391,-0.00077674
0.00050574,-0.00033317
0.00070044,0.0001988
-6.752e-05,-3.0441e-05
-0.00024488,-0.0006377
5.9226e-05,-0.0004655
-0.00017448,0.00018982
-0.00071299,-2.7493e-06
-0.00090725,-0.00055239
-0.00031985,-0.00030668
0.0001795,0.0004115
1.9135e-05,0.00046222
-0.00023878,-0.00026062
-0.00039065,-0.00050615
3.4583e-05,-0.00011776
0.00049699,-7.018e-07
-0.00016222,-0.00047202
-0.000672,-0.0010117
-0.00028404,-0.00091628
-0.00026393,-5.1589e-05
-0.00027642,0.00048221
6.3802e-05,0.00013629
0.00013064,-0.00035932
-8.8869e-05,-0.00036447
-0.00017236,4.5377e-05
0.00011792,-6.3468e-05
5.4584e-05,-0.00063354
-0.00060587,-0.00075572
-0.00077629,-0.0002453
-0.00039857,8.6294e-05
8.5532e-05,-0.00015336
0.00041355,-0.0003463
0.00020147,-0.00015318
-0.00016101,3.3352e-05
-0.00012148,3.0698e-05
0.00011888,-0.00035737
-0.00018992,-0.00074692
-0.00075063,-0.00063048
-0.00057469,-0.00033636
-8.7284e-05,-7.8529e-05
0.00035692,1.8647e-05
0.00044217,0.00010565
5.1239e-05,0.00014849
-0.00013077,-0.00013307
-0.00022063,-0.0004522
-0.0002305,-0.00029972
-0.00037782,7.3268e-05
-0.00050142,-7.6843e-05
-0.00040568,-0.0003895
-3.3938e-05,-0.00028645
0.00033097,-0.00014904
0.00015128,-0.00023191
-0.00030534,-9.0808e-05
-0.00072255,0.00023938
-0.00059896,0.00025918
0.00014451,-0.00016182
0.00038684,-0.00061709
-4.1586e-05,-0.00059149
-0.00018496,-0.00024248
0.00028206,-9.6316e-05
0.0005792,-0.00029492
0.0001477,-4.0803e-06
-0.00027726,0.0003812
-0.0002243,7.9249e-05
-0.00015053,-0.000401
-0.00025796,-0.00010038
-0.0001591,0.00049363
-3.3681e-05,-0.00016637
-6.4361e-05,-0.00090805
0.00026576,-0.0004862
0.00028737,-0.00014498
3.8477e-05,-0.00016658
0.00011408,-0.00018576
-0.00012601,0.00018261
-0.0002955,0.00075566
-4.2427e-06,-3.6148e-05
0.00013681,-0.0007515
8.9192e-05,-0.00014696
5.3025e-05,-0.00023031
0.00017886,-0.00051082
0.00013959,-2.3579e-05
-0.00019692,0.00012823
-0.00029517,9.5742e-05
-0.00011679,0.00014078
5.6935e-05,-0.00019392
0.00014545,-0.00022039
0.00020716,-0.00010757
0.00035259,-0.00043136
0.0005545,-0.00028155
0.00034087,0.00038136
-0.00017775,0.00033206
-0.00026957,-9.1083e-05
-0.00017788,0.0001624
-0.00019736,0.00031035
-8.4744e-05,-8.0822e-05
4.9416e-05,-0.00034635
0.00020796,-0.00030326
0.00024372,-0.00010807
0.00015193,-0.00025134
-1.3411e-06,-0.0003027
0.0001159,0.00015652
0.00041452,0.00029943
0.0002557,-4.1409e-05
-8.7268e-05,-7.0787e-05
-0.00045699,0.00016761
-0.00047862,-8.0869e-05
-6.2428e-05,-0.00032335
0.00023438,-0.00017377
0.00024603,5.9117e-05
0.0002496,-1.7807e-05
0.00054337,-0.00013398
0.00062567,4.6602e-05
7.104e-05,0.00020442
-0.00048012,0.0002677
-0.00030224,0.00014817
0.00021101,-5.334e-05
0.00019242,-8.1991e-06
-0.0002297,0.0001819
6.2787e-06,6.0281e-06
0.00061323,-0.0003366
0.00071911,-0.00029033
0.00025084,-2.683e-05
-0.00014102,0.00031506
8.2142e-05,0.0003955
0.00034796,9.6681e-05
0.00011566,0.00023752
-0.00025493,0.0002052
-5.5265e-05,-8.2563e-05
0.00033638,-1.3307e-05
0.00039049,-1.5101e-05
0.00017795,-0.00022599
3.5507e-05,-5.0168e-05
8.7032e-05,0.00021282
0.00010511,-5.3129e-05
5.4659e-05,-0.00020957
0.00019923,0.00024403
0.00042127,0.00056516
0.00013542,0.00012722
-6.9227e-05,-0.00019548
0.00031053,-9.4772e-05
0.00045716,7.9928e-05
6.7659e-05,0.00010646
-0.00012321,4.302e-05
0.00011067,0.00032507
0.00042411,0.00047293
0.00049396,0.00017244
-0.00010373,-0.00012239
-0.00047397,-0.00017715
7.7871e-05,3.754e-05
0.00078207,0.00015971
0.00074189,3.9301e-05
0.00010103,0.00024229
9.3837e-05,0.00059078
0.00022582,0.00040897
-5.522e-05,-9.2827e-05
4.6504e-05,-1.3857e-05
0.00020988,0.00029183
-8.3188e-05,0.0002198
-0.00026384,-8.1152e-05
4.5185e-05,-0.00010503
0.00057627,0.00013676
0.00065457,9.4442e-05
0.00021889,5.3372e-05
-6.7797e-05,0.00017792
-2.276e-05,0.00031754
0.00026268,0.00038974
0.00030113,0.00037091
0.00010285,0.00024714
0.00028815,0.00020193
0.00044546,-3.2218e-06
0.0001975,-0.00017503
-0.00010045,2.9461e-05
-0.00014448,0.00023703
8.5192e-05,0.00014777
0.00023385,1.3498e-05
0.00018318,0.00019099
-0.00012076,0.00041873
-8.5044e-05,0.00020336
0.00061827,-0.00015263
0.00078923,-7.5986e-06
0.00028235,0.00027658
7.3383e-05,0.00025886
-2.9646e-05,0.00022336
1.3592e-05,9.8303e-05
0.0002675,0.00012003
0.00012655,0.00039031
-0.00020056,0.00012971
-0.00011172,-0.00017846
0.00030044,6.336e-05
0.00047499,0.00036775
0.00011122,0.00038425
-4.812e-05,8.2565e-05
0.00031874,-5.0943e-05
0.0005852,9.8213e-05
0.00041639,0.00025481
-0.00019926,0.000237
-0.00058711,7.9539e-05
-0.00035251,8.9267e-05
-2.7216e-05,0.00031582
0.00020109,0.00035511
0.00030987,-3.5756e-05
0.00020048,-0.00017349
0.00023224,1.2448e-05
0.0005456,0.00019686
0.00044533,0.00024288
0.00011122,0.00015495
0.00012585,0.00024324
0.00013933,0.00021548
-8.7367e-05,6.5658e-05
-0.00026373,0.00014516
-1.3317e-05,0.00019617
0.00048755,4.8646e-05
0.00054258,-2.628e-05
0.00021925,-2.5183e-05
-8.5491e-05,-3.7547e-06
-4.4047e-05,3.4969e-05
0.00032612,9.199e-05
0.00033003,0.00017938
0.00010916,0.00021739
-1.5006e-05,0.00017913
-0.00012156,9.981e-05
0.000118,9.4248e-05
0.00029831,0.00011086
0.00029994,0.00012422
0.00041825,3.9267e-05
0.00033635,2.6177e-05
-7.3996e-05,0.00013828
-0.00031999,7.8869e-05
-0.00030391,6.2197e-05
7.7873e-06,0.00017895
0.00035263,0.00019799
0.00036557,0.00012557
0.00031824,8.4157e-05
0.0004474,0.00013785
0.00039676,0.00010737
1.8256e-05,-2.0124e-05
-8.645e-05,-1.4246e-05
5.9247e-05,0.00013504
-1.8615e-05,0.0002178
-0.00023374,0.00018106
-0.00017562,4.0503e-05
0.00018235,6.7101e-05
0.00035993,0.00011617
0.0002968,3.4072e-05
0.00019032,-1.6468e-05
0.00020545,8.4219e-05
0.00019904,0.00014616
-6.1962e-05,9.3751e-05
-9.6669e-05,8.9003e-05
0.00026031,0.00018892
0.00022509,0.00012938
-0.00043049,-1.2551e-05
-0.00045141,8.9178e-05
0.00033083,0.00017827
0.00027125,9.1089e-05
-0.00032698,-3.3557e-05
0.00016183,2.1722e-05
0.00095864,0.00015491
0.00072271,8.344e-05
-3.9305e-05,-5.7072e-05
-0.00026211,0.00010538
1.9453e-05,0.00032985
0.0001157,0.00018535
-0.00025819,-2.3929e-05
-0.00029062,-4.4912e-05
0.00033919,8.9489e-05
0.00062154,0.00011894
0.00034167,8.5548e-05
-0.00034222,5.4335e-05
-0.00051204,8.2393e-05
0.00046048,0.00012973
0.00070468,0.00013114
-0.00023672,-4.3281e-06
-0.00072665,-0.00011417
-0.00026057,0.00010233
0.0005726,0.00020902
0.00078633,5.5493e-05
0.00024456,-3.1386e-05
-8.7792e-05,8.7331e-05
5.7435e-05,0.0001231
0.00016204,6.6616e-05
-6.2371e-05,5.1345e-05
-0.00047206,3.2969e-05
-0.00064061,8.5579e-05
-0.00031239,0.00016233
0.00025836,0.00017684
0.00064129,2.1113e-05
0.00055021,-4.6781e-05
0.00032321,3.7379e-05
0.00032531,0.00019326
0.00013689,0.00020276
-0.00029284,5.3576e-05
-0.00044008,0.00014657
-0.00030475,0.00022604
-0.0002452,-1.6955e-05
-0.00025521,-0.00012595
-1.0693e-05,4.552e-06
0.00036841,0.00014312
0.00052286,0.00014725
0.00042079,-7.2207e-05
0.00016411,1.1704e-05
1.7046e-05,0.00032999
-0.00015875,6.7265e-05
-0.00049375,-0.00027496
-0.00058424,-0.00010628
-0.00023972,0.00026455
0.00025539,0.00011419
0.00045965,-0.00013598
0.00036093,0.0001207
0.00023175,0.00016476
9.3677e-05,-6.8251e-05
-0.00014822,2.2403e-05
-0.00027789,7.3553e-05
-0.00026716,-0.00015888
-0.00040181,-2.2986e-05
-0.00023972,0.00019229
0.00040327,-5.1559e-05
0.00046698,-0.00013252
0.00065204,1.2061e-05
0.0003138,0.00010667
-0.00089888,0.00017221
-0.00034653,0.00018665
0.00053985,0.00013541
-0.00023054,-0.00012875
-0.0010482,-0.00017784
-0.0004215,0.00014648
0.00094488,7.6854e-05
0.00084393,-0.00010908
-0.00016518,3.7351e-05
-0.00039542,9.4083e-05
-0.00011877,0.00015236
0.00032071,8.6932e-05
0.00016742,-0.00024839
-0.00051401,-0.00030451
-0.00048961,-2.6605e-05
-5.0545e-05,0.00017155
0.00016478,0.00011151
-0.00015282,0.00013184
-0.00067168,0.00021621
-5.4895e-05,8.5599e-05
0.00075094,4.0378e-05
0.00047491,4.7492e-06
-3.0278e-05,-0.00017597
-0.000279,-0.00022036
-0.000317,-0.00013147
-0.00011336,5.5752e-06
-0.0002533,-6.2823e-05
-0.00054444,-0.00012317
-0.00021269,0.00013779
0.00062267,0.00019302
0.00077884,-3.3082e-06
-0.00015157,-3.7901e-05
-0.00059802,-2.5166e-05
-8.9582e-05,-0.00013585
-4.1542e-06,-0.00023853
-0.00022081,-9.5655e-05
-0.00012072,0.00016963
0.00015259,9.8744e-05
0.00040163,-0.00015214
0.00024768,-0.00016274
-0.00034459,-1.0791e-05
-0.00042202,8.5193e-05
0.00010577,-5.6679e-05
0.00019831,-0.00019503
-0.00023564,-0.00012297
-0.00032046,6.7204e-05
0.00020921,2.6108e-05
0.00049213,-0.00014457
0.00026545,-4.9511e-05
-0.00017482,0.00013612
-0.00041037,0.00010596
-0.00022082,-5.0084e-05
6.3454e-05,-3.4386e-05
0.00013555,2.4348e-05
-0.00010614,-0.0001446
-0.00016089,-0.00024336
0.00014829,-0.00012379
0.00045572,-7.5832e-05
0.00022153,-0.00014117
-0.00039648,-7.2944e-05
-0.00042067,8.0304e-05
6.0658e-05,0.00014233
0.00018923,0.00017204
7.2847e-05,4.9823e-05
-0.00011805,-0.00011919
-0.00022605,-7.0051e-05
0.00021172,-9.1257e-05
0.00027131,-0.00019313
-0.00011728,-0.00013419
-0.00025197,-2.913e-05
-0.00011038,8.0908e-05
0.00018244,5.3689e-05
9.9111e-05,-0.00016078
-0.00020579,-7.5899e-05
-0.00013027,0.00026163
0.00017507,0.00012407
0.00016338,-0.00026932
-0.00010028,-0.00014052
-0.00022302,7.7861e-05
-8.2583e-05,2.8696e-05
0.00020903,-0.00019686
0.00016287,-0.00016564
-7.665e-05,0.00011532
-0.00015031,-1.7059e-05
-0.00011703,-0.00023199
1.5155e-06,-0.00015505
3.5397e-05,-6.6625e-05
-1.4869e-05,5.0644e-05
0.00013747,0.00023101
0.00026913,0.00013892
0.00012741,-5.9691e-05
-0.00012099,5.103e-05
-0.00026977,3.5512e-05
-8.6239e-05,-0.00014958
6.1889e-05,-6.2771e-06
-1.2876e-05,6.5268e-05
-0.00020331,-0.00013864
-0.00017797,-0.00012759
0.00015564,0.000111
0.00021834,9.0478e-05
0.00013767,-0.00011507
0.00022578,5.5593e-05
0.00029284,0.00013806
1.8984e-05,-6.36e-05
-0.00033619,-0.00014151
-0.00027579,-0.00013999
6.3172e-05,-8.3106e-05
0.00019661,3.493e-05
-1.3516e-05,9.3427e-05
-0.00016482,0.00010631
-8.4923e-05,-4.0424e-06
4.528e-05,-5.6951e-05
2.0889e-05,-5.8704e-06
-0.00010124,4.2085e-05
3.8471e-05,-1.155e-05
0.00022627,-9.8347e-05
4.5283e-05,1.1586e-05
-1.9569e-06,6.4558e-05
0.0002161,-1.4249e-05
0.00021915,-4.6446e-05
9.9678e-06,-1.8966e-05
-0.00023958,5.0773e-05
-0.00021571,3.4345e-05
-6.5932e-05,-4.4625e-05
-0.00015909,-4.1867e-05
-0.0001478,4.1712e-05
7.3784e-06,0.00013623
5.1676e-05,0.00012731
1.4556e-05,3.7448e-05
-3.5056e-05,8.1248e-06
-3.0587e-05,2.6657e-05
0.00011124,-6.4911e-05
0.00029229,-8.4392e-05
0.00010362,7.7828e-05
-0.00023851,4.6681e-05
-0.00025068,-8.0572e-05
-6.2474e-05,-4.1616e-05
5.5174e-05,0.00013901
4.7796e-06,0.00020075
-5.1574e-05,4.6261e-05
-8.5609e-05,-7.836e-06
-5.3082e-05,7.8948e-05
-1.0908e-05,6.6763e-05
-8.826e-05,7.1012e-05
-7.4083e-05,2.2689e-05
0.00013574,-9.5005e-05
0.00029596,-3.4804e-05
7.8313e-05,6.796e-05
-0.00020834,8.383e-05
-0.00028975,3.5473e-05
-9.7745e-05,5.682e-05
6.4443e-05,6.9442e-05
-0.00014634,4.1581e-05
-0.00019398,8.6009e-05
7.1604e-05,6.2993e-05
0.00021224,2.9993e-05
0.00010032,4.7348e-05
-0.00010047,2.1147e-05
-5.8911e-05,-6.9808e-05
1.2789e-05,-1.4773e-05
-0.00014706,0.00014708
-0.00017508,8.8017e-05
-0.00010596,1.7302e-05
-9.5125e-05,6.9138e-05
7.8723e-05,4.111e-05
8.6487e-05,2.4788e-06
-0.00021624,1.3146e-06
-0.00019996,-2.088e-05
4.0016e-05,2.4264e-06
0.00016714,3.066e-06
6.8651e-05,-6.9209e-06
-9.9672e-05,5.9716e-05
-0.00014766,4.8892e-05
-7.0601e-05,4.326e-05
-3.1184e-05,8.0486e-05
-0.00016442,3.6158e-05
-0.00024566,3.2083e-05
-0.00012484,3.8288e-05
6.5173e-05,-1.8319e-05
0.00012364,-3.607e-05
-4.0211e-05,-2.1052e-05
-0.00021642,-1.0237e-05
-8.6707e-05,2.595e-05
0.000125,4.9403e-05
7.4358e-05,4.9273e-05
-0.00011983,5.9724e-05
-0.00023384,8.4235e-05
-0.00010104,5.2683e-05
8.1087e-05,-2.0365e-05
-1.997e-05,-1.2906e-05
-0.00020772,3.3695e-05
-0.0001461,4.9285e-05
1.7646e-05,2.4165e-05
4.7842e-05,2.0289e-05
-1.9029e-05,2.524e-05
-6.0104e-05,3.9683e-05
-1.8092e-05,3.3689e-06
-3.6445e-05,-3.3535e-05
-7.5159e-05,3.8396e-06
-0.00010018,6.3465e-05
-0.00015426,4.6511e-05
-8.4801e-05,-3.2163e-05
8.0395e-05,2.6026e-05
8.6452e-05,0.00012095
-2.8171e-05,3.7372e-05
-7.4963e-05,-5.9202e-05
-4.8679e-05,-9.5645e-06
-5.9295e-06,5.3857e-05
-7.1132e-05,3.7157e-07
-0.00016826,-2.5083e-05
-0.00011373,8.7034e-06
3.4094e-05,-6.4872e-07
7.8597e-05,2.8381e-05
-2.9538e-05,4.7315e-05
-7.4937e-05,4.1009e-05
-1.219e-05,6.253e-06
-3.7322e-05,-3.0195e-05
-0.000117,4.2105e-05
-5.3456e-05,5.8765e-05
7.3541e-05,-4.318e-06
3.7064e-05,-6.1785e-05
4.6681e-05,-2.2821e-05
9.7678e-05,3.6497e-05
-3.2779e-05,6.3661e-05
-0.00010129,7.5176e-05
-3.1653e-05,5.0406e-05
-1.1061e-05,5.0892e-05
1.1118e-05,6.2809e-05
-2.6933e-05,3.8033e-05
-9.4753e-05,-1.939e-05
-7.6495e-05,-4.7118e-05
-2.3424e-06,-3.9612e-05
3.3894e-05,9.9974e-06
5.763e-05,4.4265e-05
0.00010378,1.9308e-05
7.4847e-05,1.9287e-05
8.6672e-07,4.3541e-05
7.3334e-06,7.3117e-05
-1.9367e-05,6.9409e-05
-7.426e-06,2.207e-05
1.303e-05,-6.8107e-06
-6.2726e-05,4.5408e-05
-1.8871e-05,7.8318e-05
2.5374e-05,4.0025e-05
-2.2684e-05,-9.9923e-06
-2.4046e-06,4.8961e-06
5.9706e-05,6.7157e-05
0.00010196,8.6151e-05
1.979e-05,1.2724e-05
-2.8509e-05,-2.976e-05
7.2524e-05,9.2005e-07
0.00011676,4.8182e-05
3.7035e-05,1.5333e-05
-4.4696e-05,1.0882e-05
-0.00010242,5.2892e-05
-4.3368e-05,2.2799e-05
4.244e-05,3.3276e-05
4.414e-05,7.4445e-05
9.2995e-05,0.00010535
0.000135,4.9735e-05
8.7833e-05,-7.9349e-06
4.8782e-05,-4.9422e-07
1.7402e-05,4.5491e-05
3.7717e-06,7.7297e-05
5.8589e-05,6.3194e-05
5.8109e-05,3.3689e-05
-8.834e-06,6.2256e-05
-0.00010207,4.3787e-05
-7.9528e-05,2.1461e-06
0.00012164,1.3266e-05
0.00014598,4.2894e-05
-7.7028e-06,5.4255e-05
-8.9276e-05,7.8327e-05
1.0888e-05,9.3269e-05
0.00017272,8.0752e-05
7.8713e-05,2.8514e-05
-3.2468e-05,-1.6829e-07
7.6598e-05,6.9233e-05
0.00011705,7.8613e-05
4.0503e-05,3.6744e-05
-4.7115e-06,3.7053e-05
-6.7878e-06,4.2011e-05
2.2956e-05,4.8365e-05
3.9587e-05,5.7378e-05
1.948e-05,4.7675e-05
-4.6035e-06,6.8237e-05
1.5255e-05,5.1398e-05
6.2182e-05,1.9794e-05
8.6468e-05,5.5534e-05
0.00010651,5.4807e-05
7.728e-05,5.8174e-05
5.2867e-05,8.426e-05
3.0247e-05,8.4837e-05
-1.2564e-05,7.8598e-05
-3.1139e-05,5.0817e-05
-1.8129e-05,3.024e-05
3.281e-05,3.4121e-05
0.00012005,7.8056e-05
0.00010231,9.3608e-05
7.4427e-05,8.6897e-05
7.9717e-05,7.123e-05
5.7446e-07,5.9472e-05
-6.8999e-05,6.1552e-05
-2.6351e-05,4.9975e-05
6.5423e-05,1.3202e-05
0.00011057,3.6421e-05
8.1152e-05,7.4611e-05
4.4198e-05,7.5234e-05
5.3618e-05,8.0045e-05
7.0834e-05,6.1577e-05
3.1193e-05,5.0006e-05
-1.2492e-05,6.8519e-05
-1.9319e-05,5.9959e-05
1.7452e-05,8.5539e-05
6.9753e-05,8.1088e-05
5.8881e-05,5.5651e-05
6.455e-05,3.03e-05
0.00010276,5.5463e-05
8.4748e-05,8.2404e-05
2.5674e-05,4.7932e-05
-2.7638e-05,5.5716e-06
5.5844e-06,-2.0645e-06
9.5493e-05,9.3926e-05
8.2543e-05,0.00014452
-6.5533e-06,9.3207e-05
1.5862e-05,7.5844e-05
5.7547e-05,9.7911e-05
8.9675e-05,8.9366e-05
0.00011098,5.114e-05
9.8748e-05,4.0292e-05
8.0351e-05,3.6669e-05
4.9445e-05,5.1613e-05
-1.4615e-05,5.9611e-05
-3.598e-05,9.3338e-05
6.7534e-07,9.5217e-05
6.9985e-05,6.8576e-05
0.00012944,3.5153e-05
0.00011726,4.5795e-05
7.6879e-05,6.3841e-05
4.9517e-05,3.9801e-05
4.9281e-05,2.609e-06
6.8916e-05,1.7773e-05
8.7325e-05,9.6722e-05
7.8253e-05,0.00010975
6.0595e-05,7.5524e-05
2.2646e-05,7.0692e-05
-2.2719e-05,8.9388e-05
1.216e-05,0.0001203
0.00011755,4.7871e-05
0.00016311,-1.0071e-05
0.00011443,1.7844e-05
5.0002e-05,3.2231e-05
4.3411e-05,5.3007e-05
6.6068e-05,4.9254e-05
7.6026e-05,6.0909e-05
8.1686e-05,7.1914e-05
0.00010583,7.3154e-05
6.7162e-05,9.2176e-05
1.9688e-05,0.00010529
6.8093e-05,6.3441e-05
9.7602e-05,2.177e-05
0.00011435,3.5669e-05
0.00012429,3.8159e-05
8.7962e-05,6.9645e-05
4.0218e-05,5.9267e-05
5.435e-05,5.2406e-05
0.00011244,7.9446e-05
9.8789e-05,7.8987e-05
7.492e-05,6.0683e-05
6.5011e-05,6.3461e-05
6.4154e-05,4.424e-05
7.7394e-05,4.3528e-05
8.6577e-05,3.2947e-05
9.4583e-05,3.7944e-05
0.00010546,6.4872e-05
0.00012358,5.5623e-05
0.00011987,5.9912e-05
0.00011746,9.3717e-05
7.8025e-05,7.4967e-05
5.3662e-05,3.9871e-05
5.7733e-05,4.2356e-05
8.8861e-05,8.803e-05
0.00011125,6.5736e-05
9.4581e-05,2.3725e-05
6.8343e-05,3.0879e-05
0.00010423,4.5436e-05
0.00014339,6.3514e-05
0.00011629,5.8254e-05
8.0127e-05,8.8507e-05
5.2712e-05,0.00010377
9.4862e-05,8.7635e-05
0.00011427,5.0423e-05
9.34e-05,2.8568e-05
7.8123e-05,3.2967e-05
9.7385e-05,5.9544e-05
9.8724e-05,6.1907e-05
0.00011159,6.658e-05
0.0001238,7.8467e-05
9.768e-05,6.1919e-05
0.00011351,3.2855e-05
0.00011224,3.2358e-05
0.00011987,4.6747e-05
0.00010064,4.7434e-05
7.054e-05,2.442e-05
0.00011842,4.1545e-05
0.00013298,6.59e-05
0.00011086,6.2031e-05
0.00010125,6.2024e-05
5.8099e-05,5.7088e-05
4.2492e-05,8.325e-05
6.3541e-05,7.7963e-05
8.7849e-05,2.702e-05
0.00011927,5.4019e-06
0.00013094,9.1531e-06
9.8776e-05,2.3025e-05
9.821e-05,5.635e-05
0.00011463,7.8345e-05
0.00010778,7.7287e-05
9.596e-05,8.9075e-05
5.3211e-05,6.518e-05
4.2072e-05,3.6443e-05
8.7214e-05,6.653e-05
0.00011604,6.337e-05
9.3245e-05,4.1966e-05
8.5501e-05,1.1796e-05
0.00014137,1.5448e-05
0.00015213,2.2603e-05
8.2765e-05,3.3242e-05
2.7697e-05,4.4089e-05
3.651e-05,5.2731e-05
8.1113e-05,3.8667e-05
9.4958e-05,4.392e-05
7.4942e-05,7.3979e-05
8.2422e-05,4.449e-05
0.00011178,2.2709e-05
0.00010542,2.1193e-05
9.6843e-05,4.8275e-05
8.221e-05,7.0547e-05
6.8023e-05,4.8131e-05
4.3483e-05,1.5638e-05
8.8515e-06,2.4089e-05
6.4837e-06,3.5382e-05
4.5689e-05,2.9111e-05
8.0432e-05,2.7713e-05
9.4451e-05,2.4069e-05
7.4397e-05,2.9389e-05
5.7693e-05,2.9055e-05
5.1702e-05,3.0571e-05
7.3167e-05,4.4883e-05
6.4007e-05,1.8823e-05
4.2791e-05,1.3507e-05
4.5851e-05,5.3427e-06
6.1167e-05,1.2979e-05
4.2115e-05,2.5527e-05
1.0572e-05,5.5252e-07
2.9624e-05,1.9793e-05
3.6444e-05,4.5297e-05
4.696e-05,5.6832e-05
5.832e-06,2.424e-05
-8.6356e-06,-1.2784e-05
5.3814e-05,-1.9839e-06
7.3981e-05,-7.5241e-06
6.6482e-05,-4.6254e-06
4.87e-05,-1.6761e-05
2.6462e-05,-1.9234e-05
2.9503e-05,7.0502e-06
1.7165e-05,9.7955e-06
2.2837e-05,5.1728e-06
6.2662e-06,-1.502e-06
-1.9388e-05,-1.878e-06
8.6668e-06,1.1013e-05
3.5523e-05,-5.2629e-06
1.1713e-05,-3.6347e-05
1.0659e-05,-3.4587e-05
3.0736e-05,-3.6695e-05
2.6453e-05,-3.3573e-05
1.3803e-05,-1.6267e-05
3.952e-05,-1.0617e-05
5.799e-05,-3.2069e-05
2.9576e-05,-2.7178e-05
-1.5369e-05,3.4591e-07
-2.7167e-05,5.8552e-06
-2.3468e-05,-3.2497e-05
-2.7911e-05,-6.9049e-05
-1.7856e-05,-2.3489e-05
-2.3796e-05,-1.9601e-05
1.4334e-06,-3.9355e-05
2.9991e-05,-6.5702e-05
2.2218e-05,-6.2784e-05
-1.042e-05,-2.803e-05
-3.8463e-05,-1.8881e-05
-4.6917e-05,-2.6362e-05
-2.9728e-05,-3.8413e-05
9.804e-06,-3.868e-05
1.2473e-05,-4.5407e-05
2.5849e-06,-4.0674e-05
-1.975e-05,-6.1772e-05
-3.3724e-05,-6.0661e-05
-2.4994e-05,-4.2747e-05
-1.6481e-05,-4.8181e-05
-1.2614e-05,-5.9715e-05
-4.7169e-05,-5.5426e-05
-6.5245e-05,-6.0392e-05
-2.6229e-05,-7.0658e-05
-1.8465e-05,-7.0243e-05
-3.2901e-05,-3.3314e-05
-2.2453e-05,-3.0961e-05
-1.2569e-05,-7.6237e-05
7.6676e-08,-8.0824e-05
-1.5891e-05,-5.5155e-05
-7.4572e-05,-6.203e-05
-0.0001016,-8.3074e-05
-6.6063e-05,-7.6585e-05
-3.3696e-05,-7.2742e-05
-3.504e-05,-6.0045e-05
-4.5375e-05,-6.2915e-05
-5.0172e-05,-9.0794e-05
-3.1045e-05,-9.2479e-05
-3.3716e-05,-7.2922e-05
-5.8526e-05,-6.4304e-05
-8.1811e-05,-9.345e-05
-9.1012e-05,-9.0397e-05
-5.8006e-05,-6.6378e-05
-2.3706e-05,-6.2509e-05
-3.8797e-05,-0.00010328
-6.2193e-05,-0.00011726
-5.976e-05,-8.5183e-05
-5.376e-05,-8.3541e-05
-4.76e-05,-0.00010704
-9.3545e-05,-0.00012892
-9.6681e-05,-9.5639e-05
-5.4589e-05,-6.2759e-05
-3.0115e-05,-9.5229e-05
-3.751e-05,-0.00011753
-9.1389e-05,-0.00013094
-8.8699e-05,-0.00011258
-4.6254e-05,-0.00012656
-4.4966e-05,-0.00014435
-9.0227e-05,-0.000132
-0.0001261,-0.0001016
-9.711e-05,-9.6247e-05
-2.5617e-05,-0.00011278
-3.9953e-05,-0.000121
-0.00011252,-0.00010543
-0.00012393,-9.541e-05
-0.00010728,-0.00012322
-6.3952e-05,-0.00013897
-6.325e-05,-0.00012907
-0.00011087,-0.00011783
-0.00011119,-0.00011776
-6.652e-05,-0.00010933
-6.3512e-05,-9.3929e-05
-0.00013021,-0.00013017
-0.00016895,-0.00016897
-0.00014079,-0.00015462
-8.1215e-05,-0.0001206
-6.406e-05,-0.00012184
-8.3181e-05,-0.00012148
-9.3349e-05,-0.0001066
-7.2921e-05,-0.00011528
-8.3754e-05,-0.00014876
-0.00012485,-0.00015498
-0.00014681,-0.00012315
-0.00013444,-0.00011855
-0.00012191,-0.00013854
-0.00011258,-0.00014675
-9.4222e-05,-0.000141
-0.00010151,-0.00014705
-0.00011843,-0.00015737
-0.00012722,-0.0001584
-0.0001308,-0.0001498
-0.00011795,-0.00015106
-9.3815e-05,-0.00014564
-9.8183e-05,-0.00014946
-9.9628e-05,-0.00015515
-0.00010488,-0.0001363
-0.00014602,-0.00014872
-0.0001568,-0.00016175
-0.00011797,-0.00013732
-8.3065e-05,-0.00013323
-8.9952e-05,-0.00016342
-0.00013375,-0.00018589
-0.00013189,-0.00018101
-0.00011199,-0.00016556
-0.00012314,-0.000144
-0.00013962,-0.0001572
-0.00014115,-0.00016761
-0.00012481,-0.00016508
-0.00010964,-0.00015904
-0.0001284,-0.00017487
-0.00013353,-0.00019092
-0.00010752,-0.00014356
-0.00010465,-0.00015514
-0.00010004,-0.00016309
-0.00012143,-0.00019342
-0.00014673,-0.0002036
-0.00012586,-0.00017751
-0.00012656,-0.00018613
-0.00013782,-0.00019944
-0.00010784,-0.00017253
-0.00011193,-0.00015651
-0.00012573,-0.00015503
-0.00013152,-0.00015865
-0.00013744,-0.00019278
-0.00013146,-0.00019441
-0.00011477,-0.00017304
-0.00011971,-0.00018766
-0.00011855,-0.00016479
-0.00011069,-0.00016733
-0.00011833,-0.00017587
-0.00012533,-0.00015097
-0.00012887,-0.00013517
-0.00012185,-0.00016134
-0.00010908,-0.00017874
-0.0001094,-0.00017537
-0.00011615,-0.00016579
-0.00012653,-0.00017684
-0.00011994,-0.00016865
-0.00011635,-0.00018585
-0.00013357,-0.00019016
-0.00014499,-0.00014781
-0.00012921,-0.00012342
-0.00012376,-0.00016692
-0.00010829,-0.00017053
-0.00011314,-0.00014055
-0.00012268,-0.00014503
-0.00010907,-0.0001848
-0.00010159,-0.00020917
-0.00011629,-0.00017829
-0.00013925,-0.0001555
-0.00013077,-0.00013454
-0.00012094,-0.00012874
-0.00010828,-0.00013779
-9.9351e-05,-0.00014962
-0.00012,-0.0001795
-0.00011733,-0.00014968
-0.00010072,-0.00014778
-0.00010283,-0.00017901
-0.00012022,-0.00018856
-0.00013438,-0.00015488
-0.0001293,-0.00012729
-0.00012916,-0.00014929
-0.00011043,-0.00017003
-9.4053e-05,-0.0001524
-0.00010254,-0.00012167
-0.00010938,-0.0001421
-9.0105e-05,-0.00015409
-8.8525e-05,-0.00014755
-0.00013028,-0.00014799
-0.00013046,-0.00013876
-0.00011516,-0.00015234
-0.00011594,-0.00015862
-0.00011474,-0.00017344
-0.00013103,-0.00015632
-0.00011349,-0.00011559
-0.00010815,-0.00010165
-0.00012199,-0.00013849
-0.00010429,-0.00016275
-8.7694e-05,-0.0001445
-9.3424e-05,-0.00011657
-0.0001065,-0.00011925
-0.00012081,-0.00013465
-0.00011399,-0.00014079
-0.00010984,-0.00013187
-0.00013123,-0.00011621
-0.00013253,-0.00013054
-0.00010982,-0.000131
-8.924e-05,-0.00013421
-8.8672e-05,-0.00015572
-0.00010295,-0.00012849
-9.9312e-05,-0.0001017
-7.2275e-05,-9.19e-05
-8.195e-05,-0.0001112
-0.00011587,-0.00011677
-0.00011884,-9.0095e-05
-0.00010744,-0.0001051
-8.9835e-05,-0.00011698
-9.7457e-05,-0.00011862
-0.00010556,-0.00010562
-9.313e-05,-0.00011079
-6.6482e-05,-0.00011685
-8.0237e-05,-0.00010095
-8.9894e-05,-9.5536e-05
-0.00010423,-0.00011291
-8.2747e-05,-0.00012179
-6.8569e-05,-0.00011047
-8.1641e-05,-9.4647e-05
-7.7051e-05,-6.1794e-05
-8.6195e-05,-9.1115e-05
-8.253e-05,-0.00012174
-7.0917e-05,-9.6338e-05
-6.8925e-05,-6.3823e-05
-5.6741e-05,-8.5943e-05
-5.2507e-05,-0.00010841
-6.8123e-05,-8.5495e-05
-8.1343e-05,-4.9488e-05
-9.0653e-05,-8.1628e-05
-8.9047e-05,-0.00012475
-7.8214e-05,-0.00011405
-6.8239e-05,-7.813e-05
-5.032e-05,-6.4592e-05
-4.5895e-05,-8.3345e-05
-5.1965e-05,-9.7047e-05
-4.6418e-05,-6.3934e-05
-4.9078e-05,-5.3564e-05
-6.8124e-05,-5.8631e-05
-5.9436e-05,-5.2595e-05
-4.9479e-05,-6.6702e-05
-6.228e-05,-5.4768e-05
-7.4083e-05,-4.8387e-05
-6.5925e-05,-5.6949e-05
-4.52e-05,-4.9639e-05
-6.2044e-05,-5.521e-05
-4.5411e-05,-5.6265e-05
-4.639e-05,-4.5161e-05
-5.3493e-05,-4.0013e-05
-5.1567e-05,-4.3574e-05
-6.121e-05,-5.8275e-05
-5.6829e-05,-4.0805e-05
-4.7191e-05,-4.1428e-05
-4.0203e-05,-1.9448e-05
-5.9643e-05,-1.706e-05
-7.0334e-05,-3.6226e-05
-5.2206e-05,-2.9367e-05
-3.7376e-05,-5.8072e-06
-3.1438e-05,-1.3142e-05
-4.3338e-05,-2.1558e-05
-3.9462e-05,-3.1615e-05
-3.727e-05,-2.4514e-06
-4.0084e-05,1.2956e-05
-5.1145e-05,-7.6728e-06
-4.9598e-05,-1.7201e-05
-1.3199e-05,-1.6242e-05
-8.9416e-06,-6.1999e-06
-2.9174e-05,5.4955e-06
-5.6174e-05,1.4708e-06
-3.9774e-05,2.1783e-06
-3.871e-05,-1.8689e-05
-3.7433e-05,1.7056e-06
-3.5197e-05,8.9931e-06
-2.3358e-05,2.1788e-05
-3.228e-05,3.3053e-06
-3.381e-05,-2.9569e-06
-2.3613e-05,2.7755e-05
-2.6993e-05,1.3326e-05
-7.6721e-06,4.22e-06
-3.9172e-05,1.7938e-06
-5.3368e-05,1.6513e-05
-3.9388e-05,4.0622e-05
-2.6146e-05,1.641e-05
-3.6233e-05,-1.4922e-05
-4.9407e-05,1.1653e-05
-4.1147e-05,4.7478e-05
-3.1624e-05,5.3599e-05
-1.941e-05,4.838e-05
-2.4838e-05,2.0462e-05
-1.0896e-05,1.9165e-05
-2.5054e-05,2.6665e-05
-4.5258e-05,2.2219e-05
-3.6588e-05,3.5065e-05
-3.747e-05,4.3537e-05
-2.8389e-05,5.8976e-05
-4.1301e-05,4.043e-05
-3.2117e-05,1.9622e-05
-2.9071e-05,1.6247e-05
-2.0567e-05,3.2714e-05
-1.0709e-05,3.8903e-05
-1.7807e-05,4.4868e-05
-3.2547e-05,3.302e-05
-2.9507e-05,4.2319e-05
-3.0541e-05,5.0153e-05
-3.6413e-05,5.928e-05
-3.9731e-05,6.4827e-05
-3.9459e-05,4.7673e-05
-1.6424e-05,4.9437e-05
-4.9753e-06,4.152e-05
-1.0618e-05,4.6138e-05
2.4933e-06,6.6479e-05
-1.3609e-05,4.482e-05
-3.091e-05,5.0342e-05
-4.2673e-05,7.1586e-05
-3.9364e-05,7.373e-05
-2.6324e-05,5.3826e-05
-8.2624e-06,4.5195e-05
-1.8495e-05,6.5859e-05
-1.8533e-05,8.3972e-05
-1.8239e-05,6.235e-05
-1.2753e-05,4.3756e-05
-1.1925e-06,5.7012e-05
1.2503e-05,6.428e-05
-1.6969e-05,5.2514e-05
-2.387e-05,7.3039e-05
-3.1902e-05,7.1833e-05
-1.9735e-05,7.6034e-05
-4.0116e-06,7.5865e-05
-1.0303e-05,6.2839e-05
-1.3279e-05,5.6004e-05
-2.3748e-06,6.8852e-05
-1.7663e-05,6.8786e-05
-3.1892e-05,6.9e-05
-1.7047e-05,8.3276e-05
-2.0128e-05,8.2612e-05
-7.7834e-06,6.5222e-05
-4.3249e-06,6.5094e-05
-1.2583e-05,6.7006e-05
-3.3029e-07,6.7848e-05
-5.9185e-06,7.913e-05
-6.0379e-06,8.5712e-05
-9.3615e-06,7.9424e-05
-3.9143e-06,7.1074e-05
-1.868e-06,7.0504e-05
-4.5683e-06,8.2391e-05
-1.8441e-05,7.9118e-05
-8.7485e-06,6.5022e-05
4.0577e-06,5.3134e-05
3.7192e-06,5.8495e-05
1.9101e-05,8.6636e-05
1.5959e-05,8.8448e-05
6.3595e-06,8.0547e-05
1.7157e-06,7.7195e-05
-9.4184e-06,8.2748e-05
2.7091e-06,8.3088e-05
7.8866e-06,7.368e-05
4.905e-06,7.0885e-05
-1.0534e-05,6.2123e-05
-2.1086e-06,7.875e-05
8.8825e-06,6.8344e-05
1.2484e-05,7.1788e-05
1.5022e-05,8.7474e-05
1.173e-05,9.4325e-05
9.864e-06,9.2013e-05
-7.2202e-06,8.2877e-05
7.273e-06,8.9731e-05
2.3295e-05,9.2271e-05
3.2009e-05,8.7195e-05
1.9153e-05,6.7546e-05
7.8664e-06,7.1306e-05
9.2838e-06,9.3278e-05
1.8223e-05,9.5948e-05
2.1947e-05,0.00010415
1.7789e-05,7.3223e-05
3.4315e-05,8.6613e-05
1.6419e-05,8.305e-05
3.5614e-06,9.2745e-05
2.0326e-05,8.9373e-05
2.9134e-05,8.8899e-05
3.8958e-05,9.1715e-05
2.5511e-05,8.8184e-05
1.5832e-05,7.7209e-05
1.8051e-05,7.4215e-05
2.8228e-05,9.4854e-05
2.9032e-05,9.6438e-05
2.0678e-05,9.7434e-05
3.4789e-05,0.00010297
4.1398e-05,0.00010749
3.0994e-05,7.9188e-05
3.2853e-05,7.5179e-05
4.5046e-05,7.8357e-05
4.812e-05,8.3793e-05
5.5157e-05,0.00010221
4.2264e-05,8.9197e-05
4.4006e-05,9.6524e-05
3.6817e-05,0.00010804
3.8801e-05,9.7337e-05
3.0076e-05,7.9911e-05
4.4964e-05,7.8108e-05
6.3494e-05,9.3524e-05
6.4779e-05,0.00010614
5.9716e-05,0.00010469
4.7916e-05,9.1241e-05
4.9251e-05,0.00010749
4.9026e-05,8.7722e-05
5.0981e-05,7.8297e-05
5.7734e-05,9.7225e-05
5.2379e-05,8.4135e-05
5.3175e-05,8.4397e-05
5.9829e-05,9.0977e-05
5.885e-05,8.929e-05
4.9661e-05,9.0143e-05
6.3756e-05,0.00010687
5.302e-05,0.00011127
5.3945e-05,0.00011307
5.052e-05,0.0001073
5.289e-05,8.6418e-05
6.4118e-05,9.0017e-05
6.1288e-05,0.00010159
4.9901e-05,8.8499e-05
4.7682e-05,9.6277e-05
5.1028e-05,0.00010227
6.7381e-05,0.00010351
7.6274e-05,0.00011099
7.2381e-05,0.00010877
5.7979e-05,0.00010387
7.0711e-05,0.0001231
6.0987e-05,0.00011092
7.6455e-05,9.2482e-05
7.2202e-05,8.9484e-05
6.1192e-05,9.7625e-05
7.3585e-05,0.0001035
7.6812e-05,0.00010932
7.0696e-05,9.1956e-05
7.0008e-05,0.00011133
8.0206e-05,0.00012052
8.7928e-05,0.00010547
8.7166e-05,8.5618e-05
8.5274e-05,0.00010042
8.2537e-05,0.00011391
6.9301e-05,8.9516e-05
7.1191e-05,0.00010093
7.5929e-05,0.0001101
8.3659e-05,9.8052e-05
7.191e-05,9.8346e-05
8.6284e-05,0.00011519
8.3651e-05,0.00011248
